airline,min,max,mean
AJet,1059.0,15905.0,4712.5675675675675
Pegasus,1016.0,2312.0,1341.0
Türk Hava Yolları,2383.0,5082.0,3735.4545454545455
